{"cameraMode":{"drawMode":0,"name":"Shaded","section":"Shading Mode"},"sceneLighting":false,"audioPlay":false,"sceneViewState":{"showFog":true,"showMaterialUpdate":false,"showSkybox":false,"showFlares":true,"showImageEffects":true,"showParticleSystems":true},"in2DMode":false,"pivot":{"x":-14.178844451904297,"y":1.1682218313217164,"z":2.3390302658081056},"rotation":{"x":-0.011256449855864048,"y":-0.8732772469520569,"z":-0.02016066014766693,"w":0.4867711365222931},"size":1.418365478515625,"orthographic":false}