{"cameraMode":{"drawMode":0,"name":"Shaded","section":"Shading Mode"},"sceneLighting":true,"audioPlay":false,"sceneViewState":{"showFog":true,"showMaterialUpdate":false,"showSkybox":false,"showFlares":true,"showImageEffects":true,"showParticleSystems":true},"in2DMode":false,"pivot":{"x":-0.026789188385009767,"y":1.824718952178955,"z":0.21438013017177583},"rotation":{"x":-0.02146507240831852,"y":0.7055152058601379,"z":-0.021393220871686937,"w":-0.7080615758895874},"size":2.6122686862945558,"orthographic":false}