{"cameraMode":{"drawMode":0,"name":"Shaded","section":"Shading Mode"},"sceneLighting":true,"audioPlay":false,"sceneViewState":{"showFog":true,"showMaterialUpdate":false,"showSkybox":false,"showFlares":true,"showImageEffects":true,"showParticleSystems":true},"in2DMode":false,"pivot":{"x":0.005924820899963379,"y":0.08681535720825196,"z":-0.008675754070281983},"rotation":{"x":-0.08250660449266434,"y":0.4776622951030731,"z":-0.045198746025562289,"w":-0.8735663294792175},"size":0.36663618683815,"orthographic":false}