{"cameraMode":{"drawMode":0,"name":"Shaded","section":"Shading Mode"},"sceneLighting":true,"audioPlay":false,"sceneViewState":{"showFog":true,"showMaterialUpdate":false,"showSkybox":false,"showFlares":true,"showImageEffects":true,"showParticleSystems":true},"in2DMode":false,"pivot":{"x":3.1036484241485597,"y":3.9628052711486818,"z":0.1787605732679367},"rotation":{"x":0.030474422499537469,"y":0.42833611369132998,"z":0.014133737422525883,"w":-0.9031499028205872},"size":0.7171006202697754,"orthographic":false}