{"cameraMode":{"drawMode":0,"name":"Shaded","section":"Shading Mode"},"sceneLighting":true,"audioPlay":false,"sceneViewState":{"showFog":true,"showMaterialUpdate":false,"showSkybox":true,"showFlares":true,"showImageEffects":true,"showParticleSystems":true},"in2DMode":false,"pivot":{"x":-80.64479064941406,"y":1.1378507614135743,"z":14.939726829528809},"rotation":{"x":0.04560166969895363,"y":-0.7247510552406311,"z":0.04727371037006378,"w":0.6862773895263672},"size":48.15959548950195,"orthographic":false}