{"cameraMode":{"drawMode":0,"name":"Shaded","section":"Shading Mode"},"sceneLighting":true,"audioPlay":false,"sceneViewState":{"showFog":true,"showMaterialUpdate":false,"showSkybox":true,"showFlares":true,"showImageEffects":true,"showParticleSystems":true},"in2DMode":false,"pivot":{"x":-3.3870797157287599,"y":10.15471076965332,"z":-4.5134501457214359},"rotation":{"x":-0.0007776154088787735,"y":0.9992225766181946,"z":-0.026994818821549417,"w":-0.02878461964428425},"size":10.0,"orthographic":false}