{"cameraMode":{"drawMode":0,"name":"Shaded","section":"Shading Mode"},"sceneLighting":true,"audioPlay":false,"sceneViewState":{"showFog":true,"showMaterialUpdate":false,"showSkybox":true,"showFlares":true,"showImageEffects":true,"showParticleSystems":true},"in2DMode":false,"pivot":{"x":-20.47900390625,"y":9.067517280578614,"z":41.85038757324219},"rotation":{"x":-0.07173627614974976,"y":0.7941235303878784,"z":-0.09771846234798432,"w":-0.5963184833526611},"size":13.758519172668457,"orthographic":false}