{"cameraMode":{"drawMode":0,"name":"Shaded","section":"Shading Mode"},"sceneLighting":false,"audioPlay":false,"sceneViewState":{"showFog":true,"showMaterialUpdate":false,"showSkybox":false,"showFlares":true,"showImageEffects":true,"showParticleSystems":true},"in2DMode":false,"pivot":{"x":-4.5651068687438969,"y":2.142463445663452,"z":2.4146194458007814},"rotation":{"x":0.015069033950567246,"y":-0.6590195298194885,"z":0.010589019395411015,"w":0.7523127794265747},"size":1.5667915344238282,"orthographic":false}